targetDate,publicationDate,sourcePdfName,sourcePdfUrl,spotVolume,volumeChange,volumeChangePct,avg20,vs20,vs20Pct,close,open,high,low,priceChangePct
2026-07-28,2026-07-29,fx260729.pdf,https://www.boj.or.jp/statistics/market/forex/fxdaily/fxlist/fx260729.pdf,2254,-211,-8.56,3192,-938,-29.39,163.87,163.71,163.96,163.64,0.07
2026-07-27,2026-07-28,fx260728.pdf,https://www.boj.or.jp/statistics/market/forex/fxdaily/fxlist/fx260728.pdf,2465,-477,-16.21,3180,-715,-22.48,163.75,163.7,163.82,163.32,-0.06
2026-07-24,2026-07-27,fx260727.pdf,https://www.boj.or.jp/statistics/market/forex/fxdaily/fxlist/fx260727.pdf,2942,252,9.37,3197,-255,-7.98,163.85,163.86,163.97,163.64,-0.01
2026-07-23,2026-07-24,fx260724.pdf,https://www.boj.or.jp/statistics/market/forex/fxdaily/fxlist/fx260724.pdf,2690,-933,-25.75,3217,-527,-16.38,163.86,163.14,164,162.99,0.44
2026-07-22,2026-07-23,fx260723.pdf,https://www.boj.or.jp/statistics/market/forex/fxdaily/fxlist/fx260723.pdf,3623,737,25.54,3204,419,13.08,163.14,163.17,163.24,162.79,-0.02
2026-07-21,2026-07-22,fx260722.pdf,https://www.boj.or.jp/statistics/market/forex/fxdaily/fxlist/fx260722.pdf,2886,-366,-11.25,3221,-335,-10.4,163.18,162.51,163.25,162.43,0.42
2026-07-17,2026-07-21,fx260721.pdf,https://www.boj.or.jp/statistics/market/forex/fxdaily/fxlist/fx260721.pdf,3252,381,13.27,3228,24,0.74,162.39,162.39,162.52,162.13,0
2026-07-16,2026-07-17,fx260717.pdf,https://www.boj.or.jp/statistics/market/forex/fxdaily/fxlist/fx260717.pdf,2871,119,4.32,3231,-360,-11.14,162.39,162.19,162.56,161.98,0.12
2026-07-15,2026-07-16,fx260716.pdf,https://www.boj.or.jp/statistics/market/forex/fxdaily/fxlist/fx260716.pdf,2752,-112,-3.91,3271,-519,-15.87,162.19,162.22,162.43,161.89,-0.04
2026-07-14,2026-07-15,fx260715.pdf,https://www.boj.or.jp/statistics/market/forex/fxdaily/fxlist/fx260715.pdf,2864,-581,-16.87,3236,-372,-11.5,162.25,162.44,162.48,161.63,-0.12
2026-07-13,2026-07-14,fx260714.pdf,https://www.boj.or.jp/statistics/market/forex/fxdaily/fxlist/fx260714.pdf,3445,-1245,-26.55,3269,176,5.38,162.44,161.69,162.5,161.61,0.46
2026-07-10,2026-07-13,fx260713.pdf,https://www.boj.or.jp/statistics/market/forex/fxdaily/fxlist/fx260713.pdf,4690,2163,85.6,3286,1404,42.73,161.7,162.38,162.4,161.27,-0.42
2026-07-09,2026-07-10,fx260710.pdf,https://www.boj.or.jp/statistics/market/forex/fxdaily/fxlist/fx260710.pdf,2527,-318,-11.18,3208,-681,-21.23,162.39,162.59,162.67,162.25,-0.12
2026-07-08,2026-07-09,fx260709.pdf,https://www.boj.or.jp/statistics/market/forex/fxdaily/fxlist/fx260709.pdf,2845,-92,-3.13,3196,-351,-10.98,162.59,162.11,162.71,162.06,0.3
2026-07-07,2026-07-08,fx260708.pdf,https://www.boj.or.jp/statistics/market/forex/fxdaily/fxlist/fx260708.pdf,2937,-337,-10.29,3194,-257,-8.05,162.11,162.09,162.2,161.68,0.01
2026-07-06,2026-07-07,fx260707.pdf,https://www.boj.or.jp/statistics/market/forex/fxdaily/fxlist/fx260707.pdf,3274,13,0.4,3225,49,1.52,162.09,161.36,162.44,161.27,0.44
2026-07-03,2026-07-06,fx260706.pdf,https://www.boj.or.jp/statistics/market/forex/fxdaily/fxlist/fx260706.pdf,3261,-1377,-29.69,3199,62,1.94,161.38,161.1,161.53,160.52,0.17
2026-07-02,2026-07-03,fx260703.pdf,https://www.boj.or.jp/statistics/market/forex/fxdaily/fxlist/fx260703.pdf,4638,2312,99.4,3156,1482,46.96,161.1,162.61,162.64,160.64,-0.9
2026-07-01,2026-07-02,fx260702.pdf,https://www.boj.or.jp/statistics/market/forex/fxdaily/fxlist/fx260702.pdf,2326,-2967,-56.06,3050,-724,-23.74,162.57,162.53,162.85,162.29,0
2026-06-30,2026-07-01,fx260701.pdf,https://www.boj.or.jp/statistics/market/forex/fxdaily/fxlist/fx260701.pdf,5293,3278,162.68,3087,2206,71.46,162.57,161.94,162.68,161.87,0.38
2026-06-29,2026-06-30,fx260630.pdf,https://www.boj.or.jp/statistics/market/forex/fxdaily/fxlist/fx260630.pdf,2015,-802,-28.47,2962,-947,-31.97,161.95,161.76,161.99,161.7,0.12
2026-06-26,2026-06-29,fx260629.pdf,https://www.boj.or.jp/statistics/market/forex/fxdaily/fxlist/fx260629.pdf,2817,-519,-15.56,2985,-168,-5.63,161.76,161.79,161.88,161.52,-0.02
2026-06-25,2026-06-26,fx260626.pdf,https://www.boj.or.jp/statistics/market/forex/fxdaily/fxlist/fx260626.pdf,3336,901,37,3007,329,10.94,161.79,161.76,161.95,161.56,0
2026-06-24,2026-06-25,fx260625.pdf,https://www.boj.or.jp/statistics/market/forex/fxdaily/fxlist/fx260625.pdf,2435,-1528,-38.56,2951,-516,-17.49,161.79,161.53,161.85,161.49,0.13
2026-06-23,2026-06-24,fx260624.pdf,https://www.boj.or.jp/statistics/market/forex/fxdaily/fxlist/fx260624.pdf,3963,948,31.44,2998,965,32.19,161.58,161.54,161.75,161.27,0.01
2026-06-22,2026-06-23,fx260623.pdf,https://www.boj.or.jp/statistics/market/forex/fxdaily/fxlist/fx260623.pdf,3015,-308,-9.27,2907,108,3.72,161.57,161.26,161.93,161.07,0.16
2026-06-19,2026-06-22,fx260622.pdf,https://www.boj.or.jp/statistics/market/forex/fxdaily/fxlist/fx260622.pdf,3323,-338,-9.23,2843,480,16.88,161.31,161.38,161.51,160.99,-0.04
2026-06-18,2026-06-19,fx260619.pdf,https://www.boj.or.jp/statistics/market/forex/fxdaily/fxlist/fx260619.pdf,3661,1598,77.46,2857,804,28.14,161.38,160.67,161.82,160.48,0.46
2026-06-17,2026-06-18,fx260618.pdf,https://www.boj.or.jp/statistics/market/forex/fxdaily/fxlist/fx260618.pdf,2063,-1454,-41.34,2789,-726,-26.03,160.64,160.39,160.81,160.12,0.12
2026-06-16,2026-06-17,fx260617.pdf,https://www.boj.or.jp/statistics/market/forex/fxdaily/fxlist/fx260617.pdf,3517,-262,-6.93,2815,702,24.94,160.45,160.32,160.49,160.05,0.07
2026-06-15,2026-06-16,fx260616.pdf,https://www.boj.or.jp/statistics/market/forex/fxdaily/fxlist/fx260616.pdf,3779,641,20.43,2772,1007,36.33,160.33,160.23,160.4,159.73,0.06
2026-06-12,2026-06-15,fx260615.pdf,https://www.boj.or.jp/statistics/market/forex/fxdaily/fxlist/fx260615.pdf,3138,849,37.09,2683,455,16.96,160.23,159.93,160.38,159.89,0.18
2026-06-11,2026-06-12,fx260612.pdf,https://www.boj.or.jp/statistics/market/forex/fxdaily/fxlist/fx260612.pdf,2289,-508,-18.16,2678,-389,-14.53,159.94,160.51,160.63,159.64,-0.38
2026-06-10,2026-06-11,fx260611.pdf,https://www.boj.or.jp/statistics/market/forex/fxdaily/fxlist/fx260611.pdf,2797,-769,-21.56,2703,94,3.48,160.55,160.36,160.58,160.23,0.11
2026-06-09,2026-06-10,fx260610.pdf,https://www.boj.or.jp/statistics/market/forex/fxdaily/fxlist/fx260610.pdf,3566,825,30.1,2715,851,31.34,160.37,160.14,160.45,160.05,0.12
2026-06-08,2026-06-09,fx260609.pdf,https://www.boj.or.jp/statistics/market/forex/fxdaily/fxlist/fx260609.pdf,2741,334,13.88,2739,2,0.07,160.18,160.18,160.4,159.89,-0.09
2026-06-05,2026-06-08,fx260608.pdf,https://www.boj.or.jp/statistics/market/forex/fxdaily/fxlist/fx260608.pdf,2407,-116,-4.6,2733,-326,-11.93,160.32,160.02,160.35,159.83,0.19
2026-06-04,2026-06-05,fx260605.pdf,https://www.boj.or.jp/statistics/market/forex/fxdaily/fxlist/fx260605.pdf,2523,-542,-17.68,2769,-246,-8.88,160.02,160.06,160.14,159.71,-0.02
2026-06-03,2026-06-04,fx260604.pdf,https://www.boj.or.jp/statistics/market/forex/fxdaily/fxlist/fx260604.pdf,3065,274,9.82,2784,281,10.09,160.06,159.9,160.12,159.37,0.1
2026-06-02,2026-06-03,fx260603.pdf,https://www.boj.or.jp/statistics/market/forex/fxdaily/fxlist/fx260603.pdf,2791,313,12.63,3011,-220,-7.31,159.9,159.66,160,159.57,0.15
2026-06-01,2026-06-02,fx260602.pdf,https://www.boj.or.jp/statistics/market/forex/fxdaily/fxlist/fx260602.pdf,2478,-776,-23.85,4410,-1932,-43.81,159.66,159.31,159.77,159.25,0.24
2026-05-29,2026-06-01,fx260601.pdf,https://www.boj.or.jp/statistics/market/forex/fxdaily/fxlist/fx260601.pdf,3254,1040,46.97,4493,-1239,-27.58,159.27,159.22,159.39,159.1,0.02
2026-05-28,2026-05-29,fx260529.pdf,https://www.boj.or.jp/statistics/market/forex/fxdaily/fxlist/fx260529.pdf,2214,-1154,-34.26,4448,-2234,-50.22,159.24,159.52,159.67,159.12,-0.17
2026-05-27,2026-05-28,fx260528.pdf,https://www.boj.or.jp/statistics/market/forex/fxdaily/fxlist/fx260528.pdf,3368,1226,57.24,4527,-1159,-25.6,159.51,159.3,159.59,159.17,0.13
2026-05-26,2026-05-27,fx260527.pdf,https://www.boj.or.jp/statistics/market/forex/fxdaily/fxlist/fx260527.pdf,2142,399,22.89,4510,-2368,-52.51,159.3,158.9,159.39,158.85,0.25
2026-05-25,2026-05-26,fx260526.pdf,https://www.boj.or.jp/statistics/market/forex/fxdaily/fxlist/fx260526.pdf,1743,-1854,-51.54,4588,-2845,-62.01,158.9,158.95,159.06,158.76,-0.19
2026-05-22,2026-05-25,fx260525.pdf,https://www.boj.or.jp/statistics/market/forex/fxdaily/fxlist/fx260525.pdf,3597,1288,55.78,4593,-996,-21.69,159.2,158.96,159.24,158.89,0.14
2026-05-21,2026-05-22,fx260522.pdf,https://www.boj.or.jp/statistics/market/forex/fxdaily/fxlist/fx260522.pdf,2309,-276,-10.68,4530,-2221,-49.03,158.98,158.89,159.35,158.8,0.04
2026-05-20,2026-05-21,fx260521.pdf,https://www.boj.or.jp/statistics/market/forex/fxdaily/fxlist/fx260521.pdf,2585,-75,-2.82,4547,-1962,-43.15,158.92,159.07,159.18,158.58,-0.09
2026-05-19,2026-05-20,fx260520.pdf,https://www.boj.or.jp/statistics/market/forex/fxdaily/fxlist/fx260520.pdf,2660,660,33,4584,-1924,-41.97,159.07,158.8,159.26,158.74,0.14
2026-05-18,2026-05-19,fx260519.pdf,https://www.boj.or.jp/statistics/market/forex/fxdaily/fxlist/fx260519.pdf,2000,-1024,-33.86,4590,-2590,-56.43,158.84,158.58,159.09,158.54,0.04
2026-05-15,2026-05-18,fx260518.pdf,https://www.boj.or.jp/statistics/market/forex/fxdaily/fxlist/fx260518.pdf,3024,231,8.27,,,,158.77,158.37,158.86,158.29,0.25
2026-05-14,2026-05-15,fx260515.pdf,https://www.boj.or.jp/statistics/market/forex/fxdaily/fxlist/fx260515.pdf,2793,-246,-8.09,,,,158.37,157.85,158.43,157.43,0.32
2026-05-13,2026-05-14,fx260514.pdf,https://www.boj.or.jp/statistics/market/forex/fxdaily/fxlist/fx260514.pdf,3039,-1014,-25.02,,,,157.86,157.6,157.93,157.54,0.15
2026-05-12,2026-05-13,fx260513.pdf,https://www.boj.or.jp/statistics/market/forex/fxdaily/fxlist/fx260513.pdf,4053,1437,54.93,,,,157.63,157.18,157.77,157.06,0.29
2026-05-11,2026-05-12,fx260512.pdf,https://www.boj.or.jp/statistics/market/forex/fxdaily/fxlist/fx260512.pdf,2616,-517,-16.5,,,,157.18,156.46,157.28,156.45,0.33
2026-05-08,2026-05-11,fx260511.pdf,https://www.boj.or.jp/statistics/market/forex/fxdaily/fxlist/fx260511.pdf,3133,311,11.02,,,,156.67,156.89,157,156.43,-0.17
2026-05-07,2026-05-08,fx260508.pdf,https://www.boj.or.jp/statistics/market/forex/fxdaily/fxlist/fx260508.pdf,2822,-4770,-62.83,,,,156.93,156.39,156.96,156.01,0.35
2026-05-01,2026-05-07,fx260507.pdf,https://www.boj.or.jp/statistics/market/forex/fxdaily/fxlist/fx260507.pdf,7592,-23181,-75.33,,,,157.06,156.58,157.33,155.52,0.31
2026-04-30,2026-05-01,fx260501.pdf,https://www.boj.or.jp/statistics/market/forex/fxdaily/fxlist/fx260501.pdf,30773,26625,641.88,,,,156.58,160.42,160.74,155.57,-2.39
2026-04-28,2026-04-30,fx260430.pdf,https://www.boj.or.jp/statistics/market/forex/fxdaily/fxlist/fx260430.pdf,4148,1801,76.74,,,,159.62,159.42,159.8,158.95,0.12
2026-04-27,2026-04-28,fx260428.pdf,https://www.boj.or.jp/statistics/market/forex/fxdaily/fxlist/fx260428.pdf,2347,-1446,-38.12,,,,159.43,159.61,159.66,159.09,0.03
2026-04-24,2026-04-27,fx260427.pdf,https://www.boj.or.jp/statistics/market/forex/fxdaily/fxlist/fx260427.pdf,3793,769,25.43,,,,159.38,159.67,159.86,159.31,-0.22
2026-04-23,2026-04-24,fx260424.pdf,https://www.boj.or.jp/statistics/market/forex/fxdaily/fxlist/fx260424.pdf,3024,-688,-18.53,,,,159.73,159.5,159.86,159.29,0.15
2026-04-22,2026-04-23,fx260423.pdf,https://www.boj.or.jp/statistics/market/forex/fxdaily/fxlist/fx260423.pdf,3712,1868,101.3,,,,159.49,159.39,159.58,159.1,0.06
2026-04-21,2026-04-22,fx260422.pdf,https://www.boj.or.jp/statistics/market/forex/fxdaily/fxlist/fx260422.pdf,1844,-480,-20.65,,,,159.39,158.77,159.65,158.7,0.36
2026-04-20,2026-04-21,fx260421.pdf,https://www.boj.or.jp/statistics/market/forex/fxdaily/fxlist/fx260421.pdf,2324,-340,-12.76,,,,158.82,158.6,159.21,158.55,0.11
2026-04-17,2026-04-20,fx260420.pdf,https://www.boj.or.jp/statistics/market/forex/fxdaily/fxlist/fx260420.pdf,2664,-646,-19.52,,,,158.64,159.2,159.54,157.58,-0.35
2026-04-16,2026-04-17,fx260417.pdf,https://www.boj.or.jp/statistics/market/forex/fxdaily/fxlist/fx260417.pdf,3310,517,18.51,,,,159.19,159.01,159.32,158.26,0.13
2026-04-15,2026-04-16,fx260416.pdf,https://www.boj.or.jp/statistics/market/forex/fxdaily/fxlist/fx260416.pdf,2793,,,,,,158.99,158.81,159.16,158.64,0.12
